samplelabel,relative_s35met,stdev,sem,time
Rich,1,0.010278414,0.005934245,3
-Leu,1.143391749,0.071644326,0.041363871,3
-Arg,0.620701144,0.029162448,0.016836947,3