samplelabel,mean_relativepuroincorporation,stdev,sterr,time
Rich,1,,,3
-Leu,0.666230336,0.089052139,0.051414276,3
-Arg,0.491666811,0.112864059,0.065162095,3