pulselength_min,time,cellines,samplelabel,relative_puroincorporation,stdev,sem
5,3,293T WT,Rich,1,0.111471648,0.064358186
5,3,293T WT,-Leu,0.657221372,0.061464752,0.035486691
5,3,293T WT,-Arg,0.48013995,0.056179476,0.032435235
5,3,EEF2K KO,Rich,1,0.096747127,0.05585698
5,3,EEF2K KO,-Leu,0.808213135,0.090681751,0.052355133
5,3,EEF2K KO,-Arg,0.600271739,0.051203032,0.029562084