trna,cell_line,samplelabel,mean_chargedfraction,stdev,sterr
CCG,hrGFP,Rich,0.928690659,0.037335667,0.021555757
CCG,RagB-WT,Rich,0.92861992,0.020878379,0.012054138
CCG,RagB-Q99L,Rich,0.93053337,0.02919386,0.016855083
CCG,hrGFP,-Leu,0.935807053,0.025021721,0.014446297
CCG,RagB-WT,-Leu,0.943702265,0.027678288,0.015980067
CCG,RagB-Q99L,-Leu,0.921813919,0.040920201,0.023625289
CCG,hrGFP,-Arg,0.520959127,0.057840532,0.033394247
CCG,RagB-WT,-Arg,0.477732471,0.048563536,0.028038171
CCG,RagB-Q99L,-Arg,0.49829201,0.077204178,0.044573853